{
  "meta": {
    "name": "hybrid",
    "fc_Hz": 4.0E+9,
    "array": {
      "type": "URA",
      "M": 8,
      "Mprime": 4,
      "N": 8,
      "Nprime": 8,
      "dV_lambda": 0.8,
      "dH_lambda": 0.5
    }
  },
  "beamformer": {
    "type": "hybrid",
    "wElem": {
      "shape": [
        2,
        32
      ],
      "re": [
        0.61482727782595059,
        -0.32805973226529822,
        -0.9297263863171753,
        -0.7032755258654626,
        -0.99998998085999358,
        0.3995745064455104,
        -0.44016764885683729,
        0.99159792225055643,
        -0.4973784336421973,
        0.19146667258341371,
        0.97238973955111685,
        0.79656216138817737,
        0.99061428768843041,
        -0.52494057649743531,
        0.56247652759478939,
        -0.9634194633471046,
        -0.58186368527635612,
        0.81279636985340409,
        -0.61685310364959955,
        -0.88120861473846657,
        -0.28795187446330012,
        0.99239075272442467,
        -0.985891991321453,
        0.15723405379154959,
        0.36997455672736518,
        -0.051041406147969204,
        -0.99559070553655871,
        -0.8739055998347951,
        -0.96141144281348856,
        0.639799957341636,
        -0.67352743480859278,
        0.91595815733436647,
        0.36997455672736518,
        -0.051041406147969204,
        -0.99559070553655871,
        -0.8739055998347951,
        -0.96141144281348856,
        0.639799957341636,
        -0.67352743480859278,
        0.91595815733436647,
        -0.58186368527635612,
        0.81279636985340409,
        -0.61685310364959955,
        -0.88120861473846657,
        -0.28795187446330012,
        0.99239075272442467,
        -0.985891991321453,
        0.15723405379154959,
        -0.4973784336421973,
        0.19146667258341371,
        0.97238973955111685,
        0.79656216138817737,
        0.99061428768843041,
        -0.52494057649743531,
        0.56247652759478939,
        -0.9634194633471046,
        0.61482727782595059,
        -0.32805973226529822,
        -0.9297263863171753,
        -0.7032755258654626,
        -0.99998998085999358,
        0.3995745064455104,
        -0.44016764885683729,
        0.99159792225055643
      ],
      "im": [
        0.78866178964187894,
        -0.94465698116619068,
        0.36825106460892504,
        0.71091738951769712,
        0.0044764025321311542,
        -0.91670072204554676,
        0.89791560900779765,
        0.12935826447652848,
        -0.86753368450316348,
        0.98149911527715394,
        -0.23336279569741061,
        -0.60455663344685517,
        0.13668698924017525,
        0.851138878883194,
        -0.82681325334376932,
        -0.26799801798516537,
        0.81328632827351621,
        -0.58254790459937988,
        -0.78707829884825076,
        -0.47272759313447393,
        -0.95764488094129752,
        0.12312836353598533,
        -0.16738273939752604,
        0.98756136636073211,
        0.929041886770661,
        -0.99869653792252533,
        0.093803768843353189,
        0.48609567224712769,
        -0.27511458999349037,
        -0.76854148527300781,
        0.739162224792472,
        0.40127378934168118,
        0.929041886770661,
        -0.99869653792252533,
        0.093803768843353189,
        0.48609567224712769,
        -0.27511458999349037,
        -0.76854148527300781,
        0.739162224792472,
        0.40127378934168118,
        0.81328632827351621,
        -0.58254790459937988,
        -0.78707829884825076,
        -0.47272759313447393,
        -0.95764488094129752,
        0.12312836353598533,
        -0.16738273939752604,
        0.98756136636073211,
        -0.86753368450316348,
        0.98149911527715394,
        -0.23336279569741061,
        -0.60455663344685517,
        0.13668698924017525,
        0.851138878883194,
        -0.82681325334376932,
        -0.26799801798516537,
        0.78866178964187894,
        -0.94465698116619068,
        0.36825106460892504,
        0.71091738951769712,
        0.0044764025321311542,
        -0.91670072204554676,
        0.89791560900779765,
        0.12935826447652848
      ]
    }
  }
}