{
  "meta": {
    "name": "full_digital",
    "fc_Hz": 4.0E+9,
    "array": {
      "type": "URA",
      "M": 8,
      "Mprime": 8,
      "N": 8,
      "Nprime": 8,
      "dV_lambda": 0.5,
      "dH_lambda": 0.5
    }
  },
  "beamformer": {
    "type": "full_digital",
    "wElem": {
      "shape": [
        64,
        1
      ],
      "re": [
        0.0026044069489676224,
        -0.0071747517790592252,
        0.01435293788625514,
        -0.032217024224316076,
        -0.032217024224316076,
        0.01435293788625514,
        -0.0071747517790592252,
        0.0026044069489676224,
        -0.0071747517790592252,
        0.019765368507989444,
        -0.039540198076554837,
        0.088753085212367674,
        0.088753085212367674,
        -0.039540198076554837,
        0.019765368507989444,
        -0.0071747517790592252,
        0.01435293788625514,
        -0.039540198076554837,
        0.07909932280297384,
        -0.17754865373665321,
        -0.17754865373665321,
        0.07909932280297384,
        -0.039540198076554837,
        0.01435293788625514,
        -0.032217024224316076,
        0.088753085212367674,
        -0.17754865373665321,
        0.39853090174006911,
        0.39853090174006911,
        -0.17754865373665321,
        0.088753085212367674,
        -0.032217024224316076,
        -0.032217024224316076,
        0.088753085212367674,
        -0.17754865373665321,
        0.39853090174006911,
        0.39853090174006911,
        -0.17754865373665321,
        0.088753085212367674,
        -0.032217024224316076,
        0.01435293788625514,
        -0.039540198076554837,
        0.07909932280297384,
        -0.17754865373665321,
        -0.17754865373665321,
        0.07909932280297384,
        -0.039540198076554837,
        0.01435293788625514,
        -0.0071747517790592252,
        0.019765368507989444,
        -0.039540198076554837,
        0.088753085212367674,
        0.088753085212367674,
        -0.039540198076554837,
        0.019765368507989444,
        -0.0071747517790592252,
        0.0026044069489676224,
        -0.0071747517790592252,
        0.01435293788625514,
        -0.032217024224316076,
        -0.032217024224316076,
        0.01435293788625514,
        -0.0071747517790592252,
        0.0026044069489676224
      ],
      "im": [
        -2.9389607587120013E-18,
        6.7882824690266219E-18,
        -9.3357924153249838E-18,
        1.6454159152509206E-17,
        1.9901361245434562E-17,
        -6.8608780921990868E-18,
        1.3081150392478524E-18,
        0,
        6.7882824690266219E-18,
        -1.5097041970316311E-17,
        1.8509664687190643E-17,
        -2.9147109200749007E-17,
        -3.8643635601431852E-17,
        1.1691645732854241E-17,
        0,
        -1.3081150392478524E-18,
        -9.3357924153249838E-18,
        1.8509664687190643E-17,
        -1.3639301480020271E-17,
        5.8087882909622082E-18,
        2.4806386780990441E-17,
        0,
        -1.1691645732854241E-17,
        6.8608780921990868E-18,
        1.6454159152509206E-17,
        -2.9147109200749007E-17,
        5.8087882909622082E-18,
        4.2642565278791186E-17,
        0,
        -2.4806386780990441E-17,
        3.8643635601431852E-17,
        -1.9901361245434562E-17,
        1.9901361245434562E-17,
        -3.8643635601431852E-17,
        2.4806386780990441E-17,
        0,
        -4.2642565278791186E-17,
        -5.8087882909622082E-18,
        2.9147109200749007E-17,
        -1.6454159152509206E-17,
        -6.8608780921990868E-18,
        1.1691645732854241E-17,
        0,
        -2.4806386780990441E-17,
        -5.8087882909622082E-18,
        1.3639301480020271E-17,
        -1.8509664687190643E-17,
        9.3357924153249838E-18,
        1.3081150392478524E-18,
        0,
        -1.1691645732854241E-17,
        3.8643635601431852E-17,
        2.9147109200749007E-17,
        -1.8509664687190643E-17,
        1.5097041970316311E-17,
        -6.7882824690266219E-18,
        0,
        -1.3081150392478524E-18,
        6.8608780921990868E-18,
        -1.9901361245434562E-17,
        -1.6454159152509206E-17,
        9.3357924153249838E-18,
        -6.7882824690266219E-18,
        2.9389607587120013E-18
      ]
    }
  }
}