{
  "meta": {
    "name": "full_digital",
    "fc_Hz": 4.0E+9,
    "array": {
      "type": "URA",
      "M": 8,
      "Mprime": 8,
      "N": 8,
      "Nprime": 8,
      "dV_lambda": 0.8,
      "dH_lambda": 0.5
    }
  },
  "beamformer": {
    "type": "full_digital",
    "wElem": {
      "shape": [
        64,
        1
      ],
      "re": [
        -0.0019276054228594807,
        0.0078659316113261768,
        0.0057544513295030332,
        -0.0018562254173430039,
        -0.023178892016313093,
        -0.014280438633650572,
        -0.012528876387979022,
        0.0016530540921558632,
        -0.02097332556429601,
        -0.029583104119511244,
        0.059662965099812344,
        -0.07526058613989331,
        0.012923359079880879,
        0.039242525504974625,
        0.00043235911176640581,
        -0.020598324776169318,
        -0.036083374852546569,
        0.024299167860280198,
        0.10457167233701287,
        -0.093529382178260609,
        -0.15086782093166889,
        -0.059556413749213458,
        -0.088544124327667867,
        -0.010245891643066513,
        0.014465862582450929,
        -0.10587892896045521,
        -0.044384071430472856,
        -0.00846882061442673,
        0.28179440618656082,
        0.18633693884961644,
        0.14965252506981058,
        -0.028100906393503777,
        0.014465862582450929,
        -0.10587892896045521,
        -0.044384071430472856,
        -0.00846882061442673,
        0.28179440618656082,
        0.18633693884961644,
        0.14965252506981058,
        -0.028100906393503777,
        -0.036083374852546569,
        0.024299167860280198,
        0.10457167233701287,
        -0.093529382178260609,
        -0.15086782093166889,
        -0.059556413749213458,
        -0.088544124327667867,
        -0.010245891643066513,
        -0.02097332556429601,
        -0.029583104119511244,
        0.059662965099812344,
        -0.07526058613989331,
        0.012923359079880879,
        0.039242525504974625,
        0.00043235911176640581,
        -0.020598324776169318,
        -0.0019276054228594807,
        0.0078659316113261768,
        0.0057544513295030332,
        -0.0018562254173430039,
        -0.023178892016313093,
        -0.014280438633650572,
        -0.012528876387979022,
        0.0016530540921558632
      ],
      "im": [
        -0.0065322926252926305,
        -0.0097858125077489536,
        0.018567816160158422,
        -0.023713904289344393,
        0.0053417033182566,
        0.013188880903685491,
        0.000813795432291203,
        -0.0066071114548716774,
        0.0049763674934367782,
        -0.026529965382318655,
        -0.015015188157835707,
        0.0018167600805004402,
        0.074164973089746761,
        0.047383008261486018,
        0.039734269568363054,
        -0.0063524511073392619,
        -0.041093284436807251,
        -0.097840278236937042,
        0.11587745567153687,
        -0.16652516095131634,
        0.11712077171808097,
        0.14427700083381645,
        0.04819862706789297,
        -0.05371861568387884,
        0.0799582774844663,
        0.10595841915704428,
        -0.22763255670222846,
        0.28365944383478026,
        -0.033560596556374743,
        -0.13807632631154729,
        0.006454140399985933,
        0.076242549658316117,
        0.0799582774844663,
        0.10595841915704428,
        -0.22763255670222846,
        0.28365944383478026,
        -0.033560596556374743,
        -0.13807632631154729,
        0.006454140399985933,
        0.076242549658316117,
        -0.041093284436807251,
        -0.097840278236937042,
        0.11587745567153687,
        -0.16652516095131634,
        0.11712077171808097,
        0.14427700083381645,
        0.04819862706789297,
        -0.05371861568387884,
        0.0049763674934367782,
        -0.026529965382318655,
        -0.015015188157835707,
        0.0018167600805004402,
        0.074164973089746761,
        0.047383008261486018,
        0.039734269568363054,
        -0.0063524511073392619,
        -0.0065322926252926305,
        -0.0097858125077489536,
        0.018567816160158422,
        -0.023713904289344393,
        0.0053417033182566,
        0.013188880903685491,
        0.000813795432291203,
        -0.0066071114548716774
      ]
    }
  }
}